タイトル,URL
Python チュートリアル — Python 3.8.4rc1 ドキュメント,https://docs.python.org/ja/3/tutorial/
Python 標準ライブラリ — Python 3.8.4rc1 ドキュメント,https://docs.python.org/ja/3/library/index.html
プログラミング言語 Python,https://www.python.jp/
Python - ウィキペディア,https://ja.wikipedia.org/wiki/Python
文科省のPythonはPythonじゃねぇ - Qiita,https://qiita.com/nagataaaas/items/ba33c4c4e0df0b5aa0c4
Python - Qiita,https://qiita.com/tags/python
Python | プログラミングの入門なら基礎から学べるProgate[プロ ...,https://prog-8.com/languages/python
PyQ（パイキュー） - 本気でプログラミングを学びたい人のPython ...,https://pyq.jp/
"初めてのPython 第3版 | Mark Lutz, 夏目 大 |本 | 通販 | Amazon",https://www.amazon.co.jp/%E5%88%9D%E3%82%81%E3%81%A6%E3%81%AEPython-%E7%AC%AC3%E7%89%88-Mark-Lutz/dp/4873113938
退屈なことはPythonにやらせよう ―ノンプログラマーにもできる ...,https://www.amazon.co.jp/%E9%80%80%E5%B1%88%E3%81%AA%E3%81%93%E3%81%A8%E3%81%AFPython%E3%81%AB%E3%82%84%E3%82%89%E3%81%9B%E3%82%88%E3%81%86-%E2%80%95%E3%83%8E%E3%83%B3%E3%83%97%E3%83%AD%E3%82%B0%E3%83%A9%E3%83%9E%E3%83%BC%E3%81%AB%E3%82%82%E3%81%A7%E3%81%8D%E3%82%8B%E8%87%AA%E5%8B%95%E5%8C%96%E5%87%A6%E7%90%86%E3%83%97%E3%83%AD%E3%82%B0%E3%83%A9%E3%83%9F%E3%83%B3%E3%82%B0-Al-Sweigart/dp/487311778X
Pythonに関する情報 | note.nkmk.me,https://note.nkmk.me/python/
Google App Engine での Python | App Engine ドキュメント ...,https://cloud.google.com/appengine/docs/python?hl=ja
一般社団法人Pythonエンジニア育成推進協会 | Pythonの学習の ...,https://www.pythonic-exam.com/
Python入門 ～Pythonのインストール方法やPythonを使った ...,https://www.javadrive.jp/python/
Pythonプログラミング入門 - Google Sites,https://sites.google.com/view/ut-python/
データサイエンス基礎講座2020＜Python超入門編＞ | インプレス ...,https://academy.impress.co.jp/event/datascientist202006/
AD051 : Python入門 1｜CTC教育サービス 研修/トレーニング,https://www.school.ctc-g.co.jp/course/AD051.html
PythonのIT勉強会・セミナー・イベント情報 - TECH PLAY［テック ...,https://techplay.jp/tag/python
Azure での Python | Microsoft Azure,https://azure.microsoft.com/ja-jp/develop/python/
Python用Snowflakeコネクタ — Snowflake Documentation,https://docs.snowflake.com/ja/user-guide/python-connector.html
マイクロソフト、VS Code向けの拡張機能「Pylance」発表--Python ...,https://japan.zdnet.com/article/35156240/
Python | チュートリアル、API、SDK、ドキュメント | AWS 開発者 ...,https://aws.amazon.com/jp/developer/language/python/
Python CLUB COIL NEW! - エリートグリップ,http://www.elitegrips.com/grips/python.html
いろいろ作りながら学ぶ！Python入門｜日経ソフトウエア - 日経BP,https://info.nikkeibp.co.jp/media/NSW/atcl/books/062600036/
Python でのツールボックスの追加—Geoprocessing and Python ...,https://pro.arcgis.com/ja/pro-app/arcpy/geoprocessing_and_python/adding-and-removing-toolboxes.htm
Pythonプログラミング1 基本文法編 | IT研修のトレノケート,https://www.trainocate.co.jp/reference/course_details.aspx?code=PRC0103G
python - AlaxalA,https://www.alaxala.com/jp/techinfo/archive/manual/AX8600R/HTML/12_8_F/OPEREF/0149.HTM
Pythonによるフォルマント分析と音声認識 | 株式会社サイシード ...,https://sciseed.jp/technology/python/
Python入門 - データミックス,https://datamix.co.jp/catalog/python/
QGISでのPython入門 · GIS実習オープン教材,https://gis-oer.github.io/gitbook/book/materials/python/01/01.html
スラスラわかるPython（岩崎圭 北川慎治 寺田学）｜翔泳社の本,https://www.shoeisha.co.jp/book/detail/9784798151090
Python入門編 - Paiza,https://paiza.jp/works/python3/primer
Python文法チュートリアル,http://swest.toppers.jp/LED-Report/Camp4/materials/prep/python_tutorial.html
Python関連書籍 - オライリー・ジャパン,https://www.oreilly.co.jp/books/python/
Python入門 · HonKit - Django Girls,https://tutorial.djangogirls.org/ja/python_introduction/
Pythonの日本語処理,http://www.wakayama-u.ac.jp/~kazama/lab/python/i18n.html
Pythonエンジニア認定試験 | Odyssey CBT | オデッセイ ...,https://cbt.odyssey-com.co.jp/pythonic-exam.html
プログラミング言語「Python」の人気が止まらない理由とは？ 人気 ...,https://wired.jp/2020/04/30/python-language-more-popular-than-ever/
Python入門(8) Pythonの予約後語,http://www.ic.daito.ac.jp/~mizutani/python/intro8_python.html
Pythonライブラリのインストール － pipの使い方 | ガンマソフト株式 ...,https://gammasoft.jp/python/python-library-install/
SteelScript for Pythonをインストール - Riverbed,https://www.riverbed.com/jp/products/steelscript/steelscript-for-python.html
Pythonの意味・使い方・読み方 | Weblio英和辞書,https://ejje.weblio.jp/content/Python
Python 事始め,http://osksn2.hep.sci.osaka-u.ac.jp/~taku/osx/python/index.html
Python ヒッチハイク・ガイド — The Hitchhiker's Guide to Python,https://python-guideja.readthedocs.io/
Pythonチートシート：人気連載まとめ読み！ ＠IT eBook（63） - ＠IT,https://www.atmarkit.co.jp/ait/articles/2004/20/news015.html
Pythonで臨む、ネットワーク管理 | 日経クロステック（xTECH）,https://xtech.nikkei.com/atcl/nxt/column/18/01194/
Pythonの実行環境 | データ分析・グラフ作成 Origin | ライトストーン,https://www.lightstone.co.jp/origin/feature/python.html
Python - ウィキブックス,https://ja.wikibooks.org/wiki/Python
はじめに - Python | Welcome to underground,https://www.quark.kj.yamagata-u.ac.jp/~hiroki/python/
はじめてのPython 少しづつ丁寧に学ぶプログラミング言語 ...,https://sai-lab.co.jp/firstpython/
Python - Rakuten RapidAPI,https://api.rakuten.co.jp/docs/ja/docs/python/
Pythonを学ぼう 第23回 continue・break・else - ほぷしぃ,http://www.isl.ne.jp/pcsp/python/python23.html
Advanced Python 全5巻 | 共立出版,https://www.kyoritsu-pub.co.jp/series/212/
Python 向けインテル ディストリビューション | ディープラーニングを ...,https://www.xlsoft.com/jp/products/intel/python/index.html
型ヒントでPython開発を加速 ～Microsoft、VS Code向けの拡張 ...,https://news.yahoo.co.jp/articles/dc40db3946bb9211147480bd14cc176d3393e1da
Python実践入門 言語の力を引き出し、開発効率を高める：書籍 ...,https://gihyo.jp/book/2020/978-4-297-11111-3
Pythonアプリケーションの構築 - Oracle Help Center,https://docs.oracle.com/cd/E83857_01/paas/atp-cloud/atpdg/python-application.html
現役シリコンバレーエンジニアが教えるPython 3 入門 + 応用 + ...,https://www.udemy.com/course/python-beginner/
pythonプログラミング言語,https://sc.ddbj.nig.ac.jp/ja/guide/software/python
Pythonのfromでモジュールを読み込む方法【初心者向け ...,https://techacademy.jp/magazine/18934
Introduction to Python - W3Schools,https://www.w3schools.com/python/python_intro.asp
Pythonインテグレーション関数 - JMP.com,https://www.jmp.com/support/help/ja/14-2/jsr-functions-24.shtml
Python - Visual Studio Marketplace,https://marketplace.visualstudio.com/items?itemName=ms-python.python
Python - ドキュメント | SendGrid,https://sendgrid.kke.co.jp/docs/Integrate/Code_Examples/v2_Mail/python.html
Python Boot Camp(初心者向けPythonチュートリアル) — PyCon ...,https://www.pycon.jp/support/bootcamp.html
Pythonとは？大人気プログラミング言語のメリットや活用事例をご ...,https://www.internetacademy.jp/it/programming/programming-basic/what-is-python.html
Individual Edition - Anaconda,https://www.anaconda.com/products/individual
Pythonで学ぶ機械学習入門講座 | コガク | 技術系通信講座,https://www.cogaku.co.jp/chair/detail/J92B-S-12/
Python入門 for文に便利な関数をまとめてみた！(format関数 ...,https://ai-trend.jp/programming/python/python%E5%85%A5%E9%96%80-for%E6%96%87%E3%81%AB%E4%BE%BF%E5%88%A9%E3%81%AA%E9%96%A2%E6%95%B0%E3%82%92%E3%81%BE%E3%81%A8%E3%82%81%E3%81%A6%E3%81%BF%E3%81%9F%EF%BC%81format%E9%96%A2%E6%95%B0items/
知っておくとPythonを早く会得できる5つのポイントを考察 ... - Flexy,https://flxy.jp/article/11337
7/8（水）「Python Start Lab Online」無料体験説明会を開催 AIが ...,https://prtimes.jp/main/html/rd/p/000001810.000003670.html
PFNがプログラミング教育に参入 サンドボックスゲームでPythonを ...,https://www.itmedia.co.jp/news/articles/2007/07/news154.html
プログラミング言語のPythonとは？その特徴と活用方法 - 発注ナビ,https://hnavi.co.jp/knowledge/blog/python/
Pythonで文字列を検索する方法(findall)について(Python3 ...,https://www.e-loop.jp/knowledges/41/
「aws lambdaでpythonを実行するときのチューニング案を試して ...,https://dev.classmethod.jp/articles/remote-py-2-lambda-tuning/
PyXieとの遭遇：新手の悪質なPython RAT | Cylance Japan株式 ...,https://www.cylance.com/ja_jp/blog/jjp-meet-pyxie-a-nefarious-new-python-rat.html
【Python入門】Python Numpy チュートリアル | Avintonジャパン ...,https://avinton.com/academy/python-numpy-tutorial-japanese/
悪意のあるPythonライブラリjeilyfishおよびpython3-dateutilから ...,https://www.scsk.jp/sp/sysdig/blog/kubernetes/pythonjeilyfishpython3-dateutil.html
【連載】Pythonで学ぶ 基礎からのプログラミング入門 | マイナビ ...,https://news.mynavi.jp/series/python/
Raspberry Pi の初期設定とPython プログラムの書き方 | パソコン ...,https://www.pc-koubou.jp/magazine/30629
RとPythonの違い | パロアルトインサイト／PALO ALTO INSIGHT ...,https://www.paloaltoinsight.com/2020/02/25/rpython/
人気言語「Python」の生みの親、職業プログラマから引退 ...,https://www.sbbit.jp/article/cont1/37624
Python 2の終了日が2020年1月1日に決定 - InfoQ,https://www.infoq.com/jp/news/2019/11/python-2-end-of-life-approaching/
空飛ぶPython即時開発指南書 - Google ブック検索結果,https://books.google.co.jp/books?id=WVXQU-fcEy0C&pg=PT20&lpg=PT20&dq=python+python&source=bl&ots=SXq5rZa0b1&sig=ACfU3U11e4WSTGXM5ulPWHXK6pVH7-4NCQ&hl=ja&sa=X&ved=2ahUKEwjT1cKs_bzqAhUKfXAKHZH8C7oQ6AEwU3oECGoQAQ
ASCII.jp：Azure FunctionsのDurable FunctionsがPythonを ...,https://ascii.jp/elem/000/004/018/4018799/
Python Online - What is paiza.IO?,https://paiza.io/ja/languages/python3
Pythonハッカーガイドブック - 206 ページ - Google ブック検索結果,https://books.google.co.jp/books?id=sProDwAAQBAJ&pg=PA206&lpg=PA206&dq=python+python&source=bl&ots=W8zF0OtlVS&sig=ACfU3U3IFXMRIESUmDvn61JJgcxrUkkVDQ&hl=ja&sa=X&ved=2ahUKEwjT1cKs_bzqAhUKfXAKHZH8C7oQ6AEwVnoECGsQAQ
はじめよう！Pythonプログラミング - 10 ページ - Google ブック検索結果,https://books.google.co.jp/books?id=19OjDwAAQBAJ&pg=PA10&lpg=PA10&dq=python+python&source=bl&ots=rE3prNZTb4&sig=ACfU3U14mHVQbuUqEVluUJKAzvX9gQ2qkw&hl=ja&sa=X&ved=2ahUKEwjT1cKs_bzqAhUKfXAKHZH8C7oQ6AEwV3oECGwQAQ
Python Django 超入門 - 83 ページ - Google ブック検索結果,https://books.google.co.jp/books?id=PNqoDwAAQBAJ&pg=RA1-PA83&lpg=RA1-PA83&dq=python+python&source=bl&ots=Q9fKCKBEyL&sig=ACfU3U2KQLv3umF6equGqwTQL-6yB3M8Ig&hl=ja&sa=X&ved=2ahUKEwjT1cKs_bzqAhUKfXAKHZH8C7oQ6AEwWHoECHAQAQ
Pythonによるバイオデータ解析入門 - 85 ページ - Google ブック検索結果,https://books.google.co.jp/books?id=kzK-DwAAQBAJ&pg=PA85&lpg=PA85&dq=python+python&source=bl&ots=XvUv6ly1kb&sig=ACfU3U3Zc-oXHK9-hVnBbVC1dmAYLPZOyA&hl=ja&sa=X&ved=2ahUKEwjT1cKs_bzqAhUKfXAKHZH8C7oQ6AEwWXoECG8QAQ
Pythonプログラミングのツボとコツがゼッタイにわかる本,https://books.google.co.jp/books?id=RNqoDwAAQBAJ&pg=PA17&lpg=PA17&dq=python+python&source=bl&ots=TU0N0j96CS&sig=ACfU3U0th3qdGz-fSHF6AsHum26eGRUMCA&hl=ja&sa=X&ved=2ahUKEwjT1cKs_bzqAhUKfXAKHZH8C7oQ6AEwWnoECHEQAQ
Pythonによる深層強化学習入門 ChainerとOpenAI Gymではじめる強化学習,https://books.google.co.jp/books?id=_etmDwAAQBAJ&pg=PA7&lpg=PA7&dq=python+python&source=bl&ots=-8BSKbRMb-&sig=ACfU3U0HZX7sWYRtUy7jvAk1oK_QrxlPHA&hl=ja&sa=X&ved=2ahUKEwjT1cKs_bzqAhUKfXAKHZH8C7oQ6AEwW3oECHIQAQ
Python and Go : Part II - Extending Python With Go - Ardan Labs,https://www.ardanlabs.com/blog/2020/07/extending-python-with-go.html
Python Charity Talks in Japan - PyCon JP - connpass,https://pyconjp.connpass.com/event/177586/
Sweetviz: Automated EDA in Python - Towards Data Science,https://towardsdatascience.com/sweetviz-automated-eda-in-python-a97e4cabacde
Python Gaming - YouTube,https://www.youtube.com/channel/UCoYVbrFCDHF4yd_RZIPbyoA
python-rapidminerでpythonからRapidMinerを呼び出す | 株式 ...,https://www.ksk-anl.com/blog/python-rapidminer%E3%81%A7python%E3%81%8B%E3%82%89rapidminer%E3%82%92%E5%91%BC%E3%81%B3%E5%87%BA%E3%81%99/
Massive memory overhead: Numbers in Python and how ...,https://pythonspeed.com/articles/python-integers-memory/
Python実践データ分析100本ノック - 秀和システム あなたの学びを ...,http://www.shuwasystem.co.jp/book/9784798058757.html
とほほのPython入門 - とほほのWWW入門,http://www.tohoho-web.com/python/
